{
    "page_views": {
        "favicon.ico": 215,
        "index.php": 33,
        "excursions.php": 155,
        "index.html": 1,
        "login.php": 1,
        "excursions.html": 2,
        "destinations.php": 17,
        "about.php": 12,
        "packages.php": 18,
        "com.chrome.devtools.json": 2,
        "Sans titre.png": 25,
        "contact.php": 3,
        "style.css": 5,
        "responsive.css": 5,
        "show-case-1.jpg": 5,
        "show-case-2.jfif": 5,
        "show-case-3.jpg": 5,
        "swiper.js": 5,
        "script.js": 5,
        "Northern+Morocco.jfif": 5,
        "_Best-Restaurants-Marrakesh-Comptoir-Darna.webp": 5,
        "15-days-tour-from-Marrakech-marrakech-700x400.webp": 5,
        "casablanca-mosque.jpg": 7,
        "morocco-tangier.jpg": 5,
        "Rabat-1-scaled.webp": 5,
        "Marrakech-jamaa-lafna.webp": 7,
        "sahara.jfif": 7,
        "chefchaouen.jpg": 7,
        "agadir.jpg": 7,
        "meknes.jpg": 7,
        "essaouira-beach.jpg": 7,
        "marrakech-riad.jpg": 5,
        "marrakech-desert.jpg": 5,
        "atlas-mountains.jpg": 5,
        "marrakech-garden.jpg": 5,
        "fez-medina.jpg": 7,
        "fez-tanneries.jpg": 5,
        "fez-palace.jpg": 5,
        "fez-day-trip.jpg": 5
    },
    "total_visits": 635,
    "last_reset": "2026-02-14 00:29:59"
}