{
    "bookings": [
        {
            "customer": {
                "name": "Test User",
                "email": "test@example.com",
                "phone": "+212600000000",
                "pickup": "Test Location"
            },
            "items": [
                {
                    "title": "Test Tour",
                    "date": "2025-02-15",
                    "time": "09:00",
                    "adults": 2,
                    "children": 0,
                    "tourType": "group",
                    "totalPrice": 700
                }
            ],
            "total": 700,
            "created_at": "2026-02-15 22:23:46",
            "booking_id": "BK1771194226358",
            "status": "confirmed",
            "assigned_to": "khalid",
            "updated_at": "2026-02-15 22:36:35"
        },
        {
            "customer": {
                "name": "Mhamed Elouardani",
                "email": "mhamed.elouardani@gmail.com",
                "phone": "+212664410052",
                "pickup": "PARKING BAB TAGHZOUT (time to confirm)"
            },
            "items": [
                {
                    "id": 1771193971514.4287,
                    "tourId": "8",
                    "title": "\n                                    Road of the Kasbahs",
                    "date": "2026-02-17",
                    "time": "09:00",
                    "adults": 1,
                    "children": 1,
                    "tourType": "private",
                    "adultPrice": 900,
                    "childPrice": 450,
                    "specialRequests": "",
                    "totalPrice": 1350
                }
            ],
            "total": 1350,
            "date": "2026-02-15T22:24:33.658Z",
            "status": "confirmed",
            "created_at": "2026-02-15 22:24:33",
            "booking_id": "BK1771194273283",
            "assigned_to": "rabii",
            "updated_at": "2026-02-23 18:58:34"
        },
        {
            "customer": {
                "name": "Mhamed Elouardani",
                "email": "mhamed.elouardani@gmail.com",
                "phone": "+212664410052",
                "pickup": "RECEPTION (time to confirm)"
            },
            "items": [
                {
                    "id": 1771365751554.221,
                    "tourId": "6",
                    "title": "\n                                    Quad Biking in Agafay Desert",
                    "date": "2026-02-18",
                    "time": "09:00 (Fixed)",
                    "adults": 1,
                    "children": 1,
                    "tourType": "group",
                    "adultPrice": 550,
                    "childPrice": 300,
                    "specialRequests": "",
                    "totalPrice": 850
                }
            ],
            "total": 850,
            "date": "2026-02-17T22:03:07.521Z",
            "status": "confirmed",
            "created_at": "2026-02-17 22:03:07",
            "booking_id": "BK1771365787835",
            "assigned_to": "rabii",
            "updated_at": "2026-02-17 22:04:24"
        },
        {
            "customer": {
                "name": "Mhamed Elouardani",
                "email": "mhamed.elouardani@gmail.com",
                "phone": "+212664410052",
                "pickup": "BAB YACOUT (time to confirm)"
            },
            "items": [
                {
                    "id": 1771538440789.2988,
                    "tourId": "3",
                    "title": "\n                                    The Berber Trails",
                    "date": "2026-02-20",
                    "time": "10:00",
                    "adults": 1,
                    "children": 0,
                    "tourType": "private",
                    "adultPrice": 800,
                    "childPrice": 400,
                    "specialRequests": "",
                    "totalPrice": 800
                }
            ],
            "total": 800,
            "date": "2026-02-19T22:00:53.085Z",
            "status": "pending",
            "created_at": "2026-02-19 22:00:53",
            "booking_id": "BK1771538453165"
        },
        {
            "customer": {
                "name": "Mhamed Elouardani",
                "email": "mhamed.elouardani@gmail.com",
                "phone": "+212664410052",
                "pickup": "BAB YACOUT (time to confirm)"
            },
            "items": [
                {
                    "id": 1771538440789.2988,
                    "tourId": "3",
                    "title": "\n                                    The Berber Trails",
                    "date": "2026-02-20",
                    "time": "10:00",
                    "adults": 1,
                    "children": 0,
                    "tourType": "private",
                    "adultPrice": 800,
                    "childPrice": 400,
                    "specialRequests": "",
                    "totalPrice": 800
                }
            ],
            "total": 800,
            "date": "2026-02-19T22:00:54.869Z",
            "status": "confirmed",
            "created_at": "2026-02-19 22:00:55",
            "booking_id": "BK1771538455669",
            "assigned_to": "",
            "updated_at": "2026-02-19 22:01:23"
        },
        {
            "customer": {
                "name": "amal",
                "email": "amal@gmail.com",
                "phone": "+21266974632",
                "pickup": "gallo"
            },
            "items": [
                {
                    "id": 1771829072842.6238,
                    "tourId": "7",
                    "title": "\n                                    Hot Air Balloon Flight",
                    "date": "2026-02-24",
                    "pricingType": "balloon",
                    "flightClass": "classic",
                    "people": 1,
                    "pricePerPerson": 1500,
                    "time": "Sunrise (exact time confirmed after booking)",
                    "totalPrice": 1500
                },
                {
                    "id": 1771829097994.6443,
                    "tourId": "8",
                    "title": "\n                                    Road of the Kasbahs",
                    "date": "2026-02-25",
                    "pricingType": "standard",
                    "adults": 1,
                    "children": 0,
                    "tourType": "group",
                    "adultPrice": 650,
                    "childPrice": 325,
                    "time": "09:00 (Fixed)",
                    "totalPrice": 650
                },
                {
                    "id": 1771829394866.8213,
                    "tourId": "7",
                    "title": "\n                                    Hot Air Balloon Flight",
                    "date": "2026-02-28",
                    "pricingType": "balloon",
                    "flightClass": "royal",
                    "people": 3,
                    "pricePerPerson": 5200,
                    "time": "Sunrise (exact time confirmed after booking)",
                    "totalPrice": 15600
                },
                {
                    "id": 1771830090440.04,
                    "tourId": "7",
                    "title": "\n                                    Hot Air Balloon Flight",
                    "date": "2026-02-25",
                    "pricingType": "balloon",
                    "flightClass": "royal",
                    "people": 4,
                    "pricePerPerson": 5200,
                    "time": "Sunrise (exact time confirmed after booking)",
                    "totalPrice": 20800
                }
            ],
            "total": 38550,
            "date": "2026-02-23T07:10:51.229Z",
            "status": "pending",
            "created_at": "2026-02-23 07:10:51",
            "booking_id": "BK1771830651761"
        }
    ]
}