{
    "contacts": [
        {
            "id": "CONTACT_1771803087912",
            "name": "Mhamed Elouardani",
            "email": "wardani90wardani@hotmail.com",
            "phone": "0664410052",
            "subject": "custom",
            "message": "tnx",
            "ip": "::1",
            "user_agent": "Mozilla\/5.0 (Windows NT 10.0; Win64; x64) AppleWebKit\/537.36 (KHTML, like Gecko) Chrome\/145.0.0.0 Safari\/537.36",
            "created_at": "2026-02-22 23:31:27",
            "status": "new"
        }
    ]
}