{
    "excursions": [
        {
            "id": 1,
            "title": "Medina Tour",
            "category": "cultural",
            "image": "https://i.ibb.co/vCK30F8t/Medina-Tour.jpg",
            "duration": "Full Day",
            "location": "Marrakech",
            "description": "Explore the iconic monuments and palaces for an immersive journey through the history of Marrakech. Wander through winding alleys to uncover hidden treasures.",
            "priceTag": "300 MAD per person",
            "pricingType": "standard",
            "groupPrice": {
                "adult": 300,
                "child": 150
            },
            "privatePrice": {
                "adult": 650,
                "child": 325
            }
        },
        {
            "id": 2,
            "title": "Ourika Valley",
            "category": "mountain",
            "image": "https://i.ibb.co/BHdLd3Gh/Ourika-Valley.jpg",
            "duration": "Full Day",
            "location": "Atlas Mountains",
            "description": "Admire spectacular landscapes of the High Atlas Mountains and the Ourika River. Explore preserved Berber villages and discover the seven waterfalls of Setti Fatma.",
            "priceTag": "300 MAD per person",
            "pricingType": "standard",
            "groupPrice": {
                "adult": 300,
                "child": 150
            },
            "privatePrice": {
                "adult": 650,
                "child": 325
            }
        },
        {
            "id": 3,
            "title": "The Berber Trails",
            "category": "mountain",
            "image": "https://i.ibb.co/wZncdy47/The-Berber-Trails.jpg",
            "duration": "Full Day",
            "location": "High Atlas",
            "description": "Hike through the peaks of the High Atlas and the Three Valleys. Discover ancient Berber villages and enjoy traditional lunch in picturesque valleys.",
            "priceTag": "From 550 MAD",
            "pricingType": "standard",
            "groupPrice": {
                "adult": 550,
                "child": 225
            },
            "privatePrice": {
                "adult": 800,
                "child": 400
            }
        },
        {
            "id": 4,
            "title": "Ouzoud Waterfalls",
            "category": "mountain",
            "image": "https://i.ibb.co/sdvCDtc6/Ouzoud-Waterfalls.jpg",
            "duration": "Full Day",
            "location": "Atlas Mountains",
            "description": "Visit the most beautiful waterfalls in North Africa, standing 110 meters high with permanent rainbows. Watch Rhesus macaques and enjoy lunch with stunning views.",
            "priceTag": "From 450 MAD",
            "pricingType": "standard",
            "groupPrice": {
                "adult": 450,
                "child": 225
            },
            "privatePrice": {
                "adult": 900,
                "child": 450
            }
        },
        {
            "id": 5,
            "title": "Essaouira",
            "category": "coastal",
            "image": "https://i.ibb.co/cKVMk6wb/Essaouira.jpg",
            "duration": "Full Day",
            "location": "Coastal",
            "description": "Discover the charming coastal city beloved by surfers. Enjoy sunsets over Mogador Island, explore the souks, and experience the unique Atlantic climate.",
            "priceTag": "From 450 MAD",
            "pricingType": "standard",
            "groupPrice": {
                "adult": 450,
                "child": 225
            },
            "privatePrice": {
                "adult": 800,
                "child": 400
            }
        },
        {
            "id": 6,
            "title": "Quad Biking in Agafay Desert",
            "category": "desert",
            "image": "https://i.ibb.co/cWN5ZMD/Quad-Biking-in-Agafay-Desert.jpg",
            "duration": "Half Day",
            "location": "Agafay Desert",
            "description": "Ride across diverse desert landscapes on an exhilarating quad adventure. Meet Berber culture and enjoy mint tea with locals for authentic immersion.",
            "priceTag": "450 MAD per driver / 300 MAD per passenger",
            "pricingType": "quad",
            "groupPrice": {
                "adult": 450,
                "child": 300
            },
            "privatePrice": null,
            "hasPrivate": false
        },
        {
            "id": 7,
            "title": "Hot Air Balloon Flight",
            "category": "cultural",
            "image": "https://i.ibb.co/gLQhfnnr/Hot-Air-Balloon-Flight.jpg",
            "duration": "Sunrise",
            "location": "Marrakech",
            "description": "Breathtaking panoramic views: Enjoy stunning aerial views of Marrakech and the Atlas Mountains on this unforgettable hot air balloon ride. A peaceful and memorable experience: Soar gently for a one-hour flight, creating lasting memories before a smooth landing and a celebratory moment to mark the adventure.",
            "priceTag": "From 1500 MAD",
            "pricingType": "balloon",
            "hasPrivate": false,
            "hasAdultChild": false,
            "flightClasses": {
                "classic": 1500,
                "premium": 2400,
                "vip": 4500,
                "royal": 5200
            }
        },
        {
            "id": 8,
            "title": "Road of the Kasbahs",
            "category": "cultural",
            "image": "https://i.ibb.co/w9YRC4q/Road-of-the-Kasbahs.jpg",
            "duration": "Full Day",
            "location": "Tizi n'Tichka",
            "description": "Take the spectacular Tizi n'Tichka pass, visit Berber villages, and discover the legendary Road of Kasbahs - a natural film set for famous movies.",
            "priceTag": "From 650 MAD",
            "pricingType": "standard",
            "groupPrice": {
                "adult": 650,
                "child": 325
            },
            "privatePrice": {
                "adult": 900,
                "child": 450
            }
        },
        {
            "id": 9,
            "title": "Complete Marrakech Tour",
            "category": "cultural",
            "image": "https://i.ibb.co/rfTLXWpR/excursionmarrakech-maroc4.jpg",
            "duration": "Full Day",
            "location": "Marrakech",
            "description": "Comprehensive tour covering all major attractions of Marrakech including palaces, gardens, souks, and hidden gems with expert local guide.",
            "priceTag": "From 400 MAD",
            "pricingType": "standard",
            "groupPrice": {
                "adult": 400,
                "child": 200
            },
            "privatePrice": {
                "adult": 750,
                "child": 375
            }
        },
        {
            "id": 10,
            "title": "Buggy Adventure in Agafay Desert",
            "category": "desert",
            "image": "https://i.ibb.co/twWw98pg/Buggy-Adventure-in-Agafay-Desert.webp",
            "duration": "Half Day",
            "location": "Agafay Desert",
            "description": "Explore this peaceful haven just 30 km from Marrakech, discover diverse landscapes, and meet the Berbers during a mint tea break. Accompanied by experienced guides for a secure and unforgettable experience.",
            "priceTag": "1600 MAD per buggy",
            "pricingType": "perBuggy",
            "pricePerBuggy": 1600,
            "hasPrivate": false,
            "hasAdultChild": false
        },
        {
            "id": 11,
            "title": "Imlil & Asni",
            "category": "mountain",
            "image": "https://i.ibb.co/qF7NQMRs/Imlil-Asni.jpg",
            "duration": "Full Day",
            "location": "Atlas Mountains",
            "description": "Visit Imlil, a charming mountain village and gateway to Mount Toubkal, the highest peak in North Africa. Explore Toubkal National Park with its rich diversity of landscapes, from high plateaus to deep gorges.",
            "priceTag": "From 500 MAD",
            "pricingType": "standard",
            "groupPrice": {
                "adult": 500,
                "child": 250
            },
            "privatePrice": {
                "adult": 750,
                "child": 325
            }
        },
        {
            "id": 12,
            "title": "Dromedary Ride in Agafay Desert",
            "category": "desert",
            "image": "https://i.ibb.co/1fNRZPWg/Dromedary-Ride-in-Agafay-Desert.jpg",
            "duration": "Half Day",
            "location": "Agafay Desert",
            "description": "Discover the Agafay Desert on a relaxing ride through stone desert landscapes and palm groves. Pass through traditional villages and end with mint tea in a traditional nomadic tent.",
            "priceTag": "350 MAD per person",
            "pricingType": "perPerson",
            "pricePerPerson": 350,
            "hasPrivate": false,
            "hasAdultChild": false
        },
        {
            "id": 13,
            "title": "Fantasia Dinner at Chez Ali",
            "category": "cultural",
            "image": "https://i.ibb.co/NddRgPZK/Fantasia-Dinner-at-Chez-Ali.jpg",
            "duration": "Evening",
            "location": "Marrakech",
            "description": "Traditional Moroccan dinner show set in a magical setting on the outskirts of Marrakech. Features music, fantasia, and folkloric dances - a unique experience combining gastronomy and culture under the stars.",
            "priceTag": "550 MAD per person",
            "pricingType": "perPerson",
            "pricePerPerson": 550,
            "hasPrivate": false,
            "hasAdultChild": false
        },
        {
            "id": 14,
            "title": "Moroccan Cooking Class",
            "category": "cultural",
            "image": "https://i.ibb.co/YBwdcjq4/Moroccan-Cooking-Class.jpg",
            "duration": "Half Day",
            "location": "Marrakech",
            "description": "Immerse yourself in Moroccan gastronomy. Prepare your own dish under expert guidance of a professional chef. Enjoy the fruits of your labor with an authentic and rewarding culinary moment.",
            "priceTag": "550 MAD per person",
            "pricingType": "perPerson",
            "pricePerPerson": 550,
            "hasPrivate": false,
            "hasAdultChild": false
        },
        {
            "id": 15,
            "title": "Belectric Scooter Ride",
            "category": "cultural",
            "image": "https://i.ibb.co/MJG84z7/Belectric-Scooter-Ride.jpg",
            "duration": "Half Day",
            "location": "Marrakech",
            "description": "Explore Marrakech in a unique way with our all-terrain electric scooters, from the lively medina to the serene palm grove. Enjoy a fun, immersive, and eco-friendly experience, guided by a passionate local expert.",
            "priceTag": "450 MAD",
            "pricingType": "scooter",
            "hasPrivate": false,
            "hasAdultChild": false,
            "options": [
                {
                    "name": "Medina Tour",
                    "price": 450
                },
                {
                    "name": "Palm Grove Tour",
                    "price": 450
                }
            ]
        },
        {
            "id": 16,
            "title": "Lgardens & Ramparts by Carriage",
            "category": "cultural",
            "image": "https://i.ibb.co/t0yb3LS/Lgardens-Ramparts-by-Carriage.jpg",
            "duration": "2 Hours",
            "location": "Marrakech",
            "description": "Enjoy an authentic open-air experience in a horse-drawn carriage. Discover Majorelle Garden, stroll through Menara Gardens, and admire the majestic ramparts and monumental gates of the Red City.",
            "priceTag": "500 MAD",
            "pricingType": "adultChild",
            "hasPrivate": false,
            "prices": {
                "adult": 500,
                "child": 250
            }
        },
        {
            "id": 17,
            "title": "Lights of Marrakech & BBQ Dinner",
            "category": "cultural",
            "image": "https://i.ibb.co/F4JXzQMz/Lights-of-Marrakech-BBQ-Dinner.jpg",
            "duration": "Evening",
            "location": "Marrakech",
            "description": "Discover Marrakech at sunset with an elegant horse-drawn carriage ride through illuminated fountains, historic ramparts, and Jemaa El Fna square. Followed by a traditional barbecue dinner in an authentic riad.",
            "priceTag": "550 MAD",
            "pricingType": "adultChild",
            "hasPrivate": false,
            "prices": {
                "adult": 550,
                "child": 275
            }
        },
        {
            "id": 18,
            "title": "Marrakech by Night",
            "category": "cultural",
            "image": "https://i.ibb.co/PzrCp0KT/Marrakech-by-Night.webp",
            "duration": "Evening",
            "location": "Marrakech",
            "description": "Discover the magic of Marrakech by night on a romantic carriage ride. Admire illuminated fountains, the prestigious La Mamounia Casino, ancient city walls, and end near the iconic Jemaa El Fna square.",
            "priceTag": "300 MAD",
            "pricingType": "adultChild",
            "hasPrivate": false,
            "prices": {
                "adult": 300,
                "child": 150
            }
        },
        {
            "id": 19,
            "title": "Evening in the Marrakech Desert",
            "category": "desert",
            "image": "https://i.ibb.co/fG23sK0w/Evening-in-the-Marrakech-Desert.jpg",
            "duration": "Evening",
            "location": "Agafay Desert",
            "description": "Embark on a true desert adventure in Agafay with a unique safari combining thrill and wonder. Cross arid landscapes in a 4x4, then experience an unforgettable sunset camel ride.",
            "priceTag": "800 MAD",
            "pricingType": "adultChild",
            "hasPrivate": false,
            "prices": {
                "adult": 800,
                "child": 400
            }
        }
    ],
    "last_updated": "2026-02-23 00:00:00"
}